References	Qty	Arrow	AvnetEU	Chip1stop	Datasheet2	Datasheet3	Datasheet4	DatasheetLC	Datasheet_errata	Digike_y	Digike_y1	Digike_y2	Digike_y3	Digikey	Digikey2	Dtasheet4	EMPTY_MPN	FreelanceElec	Koncar	LCSC	LCS_C1	LCS_C2	LowCost	MFG1	MFG2	MFG2_TR_DS	MFG3	MFG4	MPN	MPN2	MPN3	MPN4	MPN5	MP_N2	MP_N3	MP_N4	MP_N5	Mouse_r	Mouse_r0	Mouse_r1	Mouse_r2	Mouse_r3	Mouse_r4	Mouse_r5	Mouser	Newark	Note	Onlinecomponents	RS	Side	TME	Vertical
AE1	1																																														Leave empty					
AUDIO1	1													CP-43516SJCT-ND					FAU001					CUI					SJ-43516-SMT-TR												490-SJ-43516-SMT-TR 				490-SJ43515RS-SMT-TR					T		SJ-43516-SMT-TR
B0, B1, B2, B3, B4, B5, B6	7													CKN9088CT-ND					FSW001	C285463									PTS645SL50SMTR92 LFS																611-PTS645SL50SMTR92					T		
BAT1	1					https://cdn.harwin.com/pdfs/S8201R.pdf						36-3000CT-ND	952-1662-1-ND	BK-885-ND					FBAT001	C238097				Keystone	MPD		Harwin		3000TR	BK-885	S8201-46R										855-S8201-46R	534-3000TR			614-SMTM1225.TR				1613707			
C1, C3, C4, C5, C7, C8, C9, C11, C12, C15, C21, C54, C55, C58, C61	15											1276-2412-1-ND		1276-2413-1-ND					FC004	C29277									CC0805ZKY5V5BB226 												81-GRM21BR61A226ME1K	81-GRM219R61C226ME5L	81-GRM188C60J226ME0J	963-LMK212BBJ226MG-T	81-GRM21BR61A226ME1L							
C2, C6, C10, C18	4													399-9086-1-ND					FC006	C22396									CS0603KRX7R9BB471											603-CC603KRX7R9BB471 	603-CS0603KRX79BB471				710-885012206081							
C13, C16, C17, C19, C20, C22, C23, C24, C46, C47	10											1276-2903-1-ND		587-5918-1-ND					FC001	C87995									CC0805MRX5R6BB225												603-CC805MRX5R6BB225				80-C0805C225K4R3123							
C14, C38, C39, C40, C41, C42, C43, C44, C45, C59, C60, C62	12													1276-1112-1-ND					FC002	C326805									CC0603KRX7R8BB224												603-CC603KRX7R6BB224				81-GCM188R71E224K55D					TB		
C25, C26, C27, C28, C29, C30, C31, C32, C33, C34, C35, C48, C49, C50, C51, C52, C53, C63, C64, C65, C66, C67, C68, C69, C70, C71, C72	27											1276-2000-1-ND		587-1238-1-ND					FC003	C107137									CC0603JRX7R8BB223											603-CC603JRX7R8BB223	603-AC603KRX7R7BB223				710-885012206091							
C56, C57	2										311-3848-1-ND	311-3855-1-ND		1276-1792-1-ND					FC005	C314302		C85300							CC0603CRNPO9BN3R3												710-885012006048				603-CC603CPNPO9BN4R7							
D0, D4, D11, D19	4													160-1415-1-ND					FV007	C94868									LTST-C170KRKT												743-IN-S85ATR				859-LTST-C170KRKT					TB		
D1, D5	2													160-1413-1-ND					FV006	C284931			LTST-C170KRKT						LTST-C170KFKT																859-LTST-C170KFKT					T		
D2, D6	2													160-1887-1-ND					FV005	C364562			LTST-C170KRKT						LTST-C170TGKT 																859-LTST-C170TGKT					T	LTST-C170TGKT	
D3, D7	2				http://optoelectronics.liteon.com/upload/download/ds22-2000-233/ltst-c171tbkt(0630).pdf	https://www.rohm.com/datasheet/SML-M13UT								160-1579-1-ND					FV004	C375453			LTST-C170KRKT						LTST-C170TBKT					LTST-C171TBKT	SMLMN2BCTT86C					593-LSM0805463V	755-SMLMN2BCTT86C	859-LTST-C171TBKT			859-LTST-C170TBKT					T		
D8	1		STPS2L30AF											497-12310-1-ND					FV008	C111630									STPS2L30AF																511-STPS2L40AF							
D9, D51, D52	3																RC0805JR-070RL							Yageo	ST					STPS2L30AF																	Leave empty					
D10, D13, D14, D16, D17, D23, D24, D25, D26, D27, D29	11			C1S541901230010								1N4148WSFSCT-ND	1N4148WXTPMSCT-ND	1N914BWSCT-ND					FV001	C258181									1N4148WS 											833-1N4148WX-TP	863-MMDL914T1G				512-1N914BWS 							
D12, D15	2													NSR0530HT1GOSCT-ND					FV003	C12744				ON semiconductor	Diodes inc.				NSR0530HT1G 	BAT54WSQ-7-F 											755-RSX051VYM30FHTR				771-BAT54J115							
D18	1													160-1887-1-ND					FV005	C364562									LTST-C170TGKT 																859-LTST-C170TGKT					T		
D20, D21, D30	3													BZT52C3V6S-TPMSCT-ND					FV002	C353525									BZT52C3V6S																833-BZT52C3V6S-TP							
D22	1				http://optoelectronics.liteon.com/upload/download/ds22-2000-233/ltst-c171tbkt(0630).pdf	https://www.rohm.com/datasheet/SML-M13UT								160-1579-1-ND					FV004	C375453									LTST-C170TBKT					LTST-C171TBKT	SMLMN2BCTT86C					593-LSM0805463V	755-SMLMN2BCTT86C	859-LTST-C171TBKT			859-LTST-C170TBKT					T		
D28	1									1N4148WXTPMSCT-ND							MMDL914T1G		FV001																			863-MMDL914T1G									Leave empty					
GPDI1	1				https://hr.mouser.com/datasheet/2/418/NG_CD_1903015_S-662666.pdf							A136174CT-ND		609-4614-1-ND					FX001	C427307									10029449-111RLF	5-1903015-5															649-10029449-111RLF			10029449-111RLF		T		
H1, H2, H3, H4	4																																														Leave empty					
J1, J2	2																																														Leave empty					
J3	1																																														Leave empty			T		
J4	1																																														Leave empty			T		
J5	1																																														Leave empty			T		
L1, L2, L3	3							https://datasheet.octopart.com/LQH32PB2R2NN0L-Murata-datasheet-20916646.pdf				490-10649-1-ND		490-18405-1-ND					FL001	C285914			81-DFE252012P-2R2MP2	Murata	Murata		Bourns	Chilisin Elec	DFE322512F-2R2M=P2					DFE252012P-2R2M=P2	SRP2512A-2R2M	HEI322512A-2R2M-Q8	81-LQH32PB2R2NN0L			81-DFE322512F-2R2MP2	810-TFM322512ALMA2R2				81-DFE322520FD2R2MP2							DFE322512F-2R2M=P2
L4, L5	2													CV201210-330KCT-ND					FL002	C412010									CV201210-330K																652-CV201210-330K							
LCD1	1																												DM-OLEDC095-626																		Leave empty					
Q1	1													TBC857BLMCT-ND					FT001	C181146									BC857												863-BC857BLT1G				 583-BC856A-T							
Q2	1	T2N7002AK,LM												2N7002K-TPMSCT-ND					FT002	C179727									2N7002P,215												512-2N7002L				757-T2N7002AKLM							
R1, R3, R4, R25, R26, R30, RB2	7													YAG3613CT-ND					FR011	C218056									AC0603FR-104K7L												603-RC0603FR-074K7L	603-AC0603FR-074K7L			755-SFR03EZPF4701							
R2, RB1	2													 311-18.0KHRCT-ND					FR006	C425614									RC0603FR-1018KL																71-CRCW060318K0FKEAC							
R5	1													P2.20MHCT-ND					FR007	C18679									RC0603FR-132M2L																603-AC0603FR-072M2L							
R6, R8, R14, R18, R29, R40, R54, R57, R66	9													P1.10KHCT-ND					FR002	C269415									 RC0603FR-071K1L											603-RC0603FR-071K1L					603-AC0603FR-071K1L							
R7, R10, R17, R21, R39, R51, R60	7													311-130HRCT-ND					FR004	C269457									RC0603FR-07130RL																603-RC0603FR-07130RL							
R9, R13, R31, R32, R33, R34, R63, R64, RA1, RA2, RA3	11													YAG3569CT-ND					FR005	C217750									RC0603FR-0715KL												603-RC0603FR-1015KL	603-RC0603FR-1315KL			603-RC0603FR-0715KL							
R11, R12, R27, R28, R55	5													311-10KLMCT-ND					FR013	C15401									RC0603FR-0710KL																603-RC0603FR-0710KL		Leave empty					
R15, R19, R35, R36, R37, R41, R42, R43, R44, R45, R46, R47, R48, R58, R61, R62, R65, R67	18													311-549HRCT-ND					FR012	C308281									RC0603FR-07549RL																603-RC0603FR-07549RL					TB		
R16, R20, R59	3													311-270HRCT-ND					FR010	C325609									RC0603FR-07270RL												603-RC0603FR-07270RL				603-AC0603FR-07270RL							
R22, R23, RB3	3													YAG3605CT-ND					FR009	C425629									RT0603FRE073K3L												603-RC0603FR-103K3L				603-RC0603FR-073K3L							
R24	1													P100KHCT-ND					FR003	C73806									AC0603FR-10100KL												71-CRCW0603100KFKEAC				71-RCA0603100KJNEC							
R38	1													73L2R47JCT-ND					FR001					CTS					73L2R47J																774-73L2R47J							
R49, R50, R52, R53	4													311-27.0HRCT-ND					FR008	C325726									AC0603JR-0727RL																603-AC0603JR-0727RL							
R56	1																RC0603JR-070RL																														Leave empty					
RP1, RP2, RP3	3										YAG1327CT-ND						RC0805JR-070RL																							71-RCG08050000Z0EA	603-RC0805JR-070RL	652-CR0805-J/-000ELF					Leave empty					
RV2	1																RC0805JR-070RL																														Leave empty					
RV3	1													YAG1327CT-ND					FR014	C112378									RC0805JR-070RL																71-RCG08050000Z0EA					T		
SD1	1																												104031-0811																538-104031-0811							
SW1	1													CT2194MST-ND					FSW002	C319050									219-4MST	DSHP04TS-S															774-2194MST					T		
U1	1													220-2071-ND					FU004				842-LFE5U12F6BG381C	Lattice	Lattice				LFE5U-85F-6BG381C					LFE5U-12F-6BG381C											842-LFE5U85F6BG381C					T		
U2	1						https://www.alliancememory.com/wp-content/uploads/pdf/dram/512M%20SDRAM_%20B%20die_AS4C32M16SB-7TCN-7TIN-6TIN_Rev%201.0%20June%202016.pdf					1450-1352-1-ND		1450-1385-1-ND					FU007	C492195	C524867			Micron	ISSI		Winbond	Alliance	MT48LC16M16A2TG-6A	IS42S16160G-7TL-TR		AS4C32M16SB-7TCN	M12L2561616A-6TG2T		W9812G6KH-6				913-AS4C32M16SB-7TCN	454-W9825G6KH-6	913-4816M16A2TG6AGTR				870-42S16320F7TL					T		
U3, U4, U5	3							http://www.dioo.com/attachments/files/20161031180022_361.pdf						296-47360-1-ND					FU009	C141836			453-DIO6015BCST5	TI	DIOO				TLV62569DBVR	DIO6015BCST5											453-DIO6015BCST5				595-TLV62569DBVR							
U6	1													768-1129-1-ND					FU002	C132160									FT231XS																895-FT231XS-R				7570032			
U7	1	MCP7940NT-I/SN			https://www.nxp.com/docs/en/data-sheet/PCF8523.pdf				http://ww1.microchip.com/downloads/en/DeviceDoc/MCP7940N%20Errata_DS80000611C.pdf			568-5306-1-ND		MCP7940NT-I/SNCT-ND					FU006	C148052						https://www.nxp.com/docs/en/packing/SOT96-1_118.pdf			MCP7940NT-I/SN	PCF8523T/1,118 															579-MCP7940NT-I/SN							
U8	1													MAX11125ATI+-ND					FU005	C490299			700-MAX11123ATI+						MAX11125ATI+	MAX11123ATI+															700-MAX11125ATI+					T		
U9	1											1904-1010-1-ND		1965-ESP32-WROVER-B(16MB)CT-ND					FU001	C529589		C529581	Leave empty						ESP32-WROVER-E											356-ESPWROOM3216MB	356-ESP-WROOM-32 				356-ESP32WRVE22864PC							
U10	1				http://www.issi.com/WW/pdf/25LP-WP032D.pdf							IS25LP128F-JBLE-ND	706-1607-1-ND	W25Q128JVSIQCT-ND 		https://www.winbond.com/resource-files/w25q128jv%20spi%20revc%2011162016.pdf			FU003	C113767			870-IS25LP032DJBLETR						IS25LP128F-JBLE	IS25LP032D-JNLE-TR	IS25LP032D-JNLA3	W25Q128JVSIM									454-W25Q128JVSIMTR				454-W25Q128JVSIQTR							
U11	1													568-4215-1-ND					FU008				Leave empty						PCA9306D																771-PCA9306D-T	70R6428						
US1, US2	2				https://www.molex.com/pdm_docs/sd/473460001_sd.pdf									609-4613-1-ND	WM17141CT-ND			10118192-0001LF	FU010	C132564				FCI	Molex				10118192-0001LF	47346-0001										649-10118192-0001LF 					538-47346-0001					T		
Y1	1													FNETHE025CT-ND					FQ001	C390569									FNETHE025	SiT8008BC-81-33E-25.000000X	S7D25.000000D20F30T										788-8008BC8133E25X 				729-FNETHE025					T		
Y2	1					http://www.iqdfrequencyproducts.com/products/pn/LFXTAL003000Reel.pdf						1923-1019-1-ND		1923-1021-1-ND					FQ002	C252402									LFXTAL016178REEL	CM7V-T1A-32.768k-9pF-20PPM-TA-QA T3	LFXTAL003000Reel										428-201568-MG03	815-ABS25-32.768KHZT			449-LFXTAL016178REEL						32.768K-855MXR	
